,Id,WashingtoniansAffected,Year,DaysToIdentifyBreach,DaysElapsedBeforeNotification
count,740.0,714.0,740.0,632.0,723.0
mean,12513.96891891892,27728.745098039217,2021.1932432432432,116.78481012658227,96.29598893499309
std,2643.085815531033,197224.9411715183,2.5034120737741157,218.62535066349756,102.10973035783891
min,9561.0,15.0,2016.0,-503.0,0.0
25%,10353.0,778.25,2019.0,3.0,31.0
50%,11127.5,1598.0,2022.0,26.5,59.0
75%,15402.5,5192.5,2023.0,140.75,121.0
max,17529.0,3243664.0,2025.0,2039.0,1043.0
